"amascat","mean","median","stddev","sterr","N"
"hi",5.32,5,1.96884830201914,0.196884830201914,100
"lo",5.875,6,1.85224869893825,0.18162792807525,104
