"amascat","difficulty","subject","mean","median","stddev","sterr","N"
"hi","easy","math",6.24,7,1.56204993518133,0.312409987036266,25
"hi","easy","verbal",6.8,7,1.5,0.3,25
"hi","hard","math",3.56,4,1.38684293751431,0.277368587502863,25
"hi","hard","verbal",4.68,5,1.6,0.32,25
"lo","easy","math",7.03846153846154,7.5,1.18256565926021,0.231920206641251,26
"lo","easy","verbal",7.23076923076923,8,1.14219761189357,0.224003381208631,26
"lo","hard","math",3.92307692307692,4,1.57284651312395,0.308460579319437,26
"lo","hard","verbal",5.30769230769231,5,1.15824801382884,0.227151124003591,26
