"difficulty","mean","median","stddev","sterr","N"
"easy",6.83333333333333,7,1.38652163496443,0.137286099014403,102
"hard",4.37254901960784,4,1.57279827958526,0.155730235212929,102
