"difficulty","subject","mean","median","stddev","sterr","N"
"easy","math",6.64705882352941,7,1.42581246188641,0.199653679393849,51
"easy","verbal",7.01960784313725,8,1.33401943131922,0.186800084138268,51
"hard","math",3.74509803921569,4,1.48112305032231,0.207398710936115,51
"hard","verbal",5,5,1.4142135623731,0.198029508595335,51
