"subject","mean","median","stddev","sterr","N"
"math",5.19607843137255,5,2.05392266904606,0.203368648422005,102
"verbal",6.00980392156863,6,1.70320081918707,0.168642010631394,102
