"difficulty","mean","median","stddev","sterr","N"
"easy",913.7,847.25,703.229911555424,98.471883964384,51
"hard",688.487745098039,652.55,723.951217212226,101.373447127012,51
