"term","df","sumsq","meansq","statistic","p.value"
"amascat",1,0.0677073906485672,0.0677073906485672,0.0231202164856401,0.879457467696929
"difficulty",1,19.8529411764706,19.8529411764706,6.77923478485715,0.010655620366392
"amascat:difficulty",1,2.54782805429865,2.54782805429865,0.870013385825531,0.353243964338457
"Residuals",98,286.992307692308,2.92849293563579,NA,NA
