"amascat","mean","median","stddev","sterr","N"
"hi",0.84,1,1.82231071075451,0.257713652200678,50
"lo",0.788461538461538,0.5,1.69586045557004,0.235173531868827,52
