"difficulty","mean","median","stddev","sterr","N"
"easy",0.372549019607843,0,1.44167658389426,0.201875100803667,51
"hard",1.25490196078431,2,1.92710287483468,0.269848377550412,51
