"amascat","mean","median","stddev","sterr","N"
"hi",815.27325,752.95625,826.045024445265,116.820407670131,50
"lo",787.459855769231,716.13125,606.668342629946,84.1297621751165,52
