"subject","mean","median","stddev","sterr","N"
"math",932.405392156863,1136.5625,987.639275296322,138.29716074013,51
"verbal",1157.61764705882,1189.825,641.487890075567,89.8262716617966,51
