"subject","mean","median","stddev","sterr","N"
"math",2.90196078431373,3,1.92098830772896,0.268992166896353,51
"verbal",2.01960784313725,2,1.3489284054898,0.188887758098703,51
