"amascat","mean","median","stddev","sterr","N"
"hi",2.4,2,1.8516401995451,0.261861468283191,50
"lo",2.51923076923077,3,1.57791603215282,0.218817583165525,52
