"amascat","mean","median","stddev","sterr","N"
"hi",799.73675,953.425,959.486560908405,135.691890735139,50
"lo",1280.85264423077,1305.04375,620.402917176042,86.0344049740637,52
