"subject","mean","median","stddev","sterr","N"
"math",3616.02426470588,3785.81875,798.423718263425,79.055728289283,102
"verbal",2814.93039215686,2729.8125,795.005659299611,78.7172900208061,102
