"amascat","mean","median","stddev","sterr","N"
"hi",3283.325875,3397.19375,882.167695406955,88.2167695406955,100
"lo",3150.23834134615,3166.65625,897.696808425988,88.0264142971938,104
