"difficulty","mean","median","stddev","sterr","N"
"easy",2692.97156862745,2484.5375,754.43187569552,74.6998868063203,102
"hard",3737.98308823529,3781.51875,687.727372544475,68.0951568162716,102
