"term","df","sumsq","meansq","statistic","p.value"
"amascat",1,902979.57248167,902979.57248167,2.70109899627674,0.101882247472326
"difficulty",1,55694502.8817677,55694502.8817677,166.599965731925,5.47980992851281e-28
"subject",1,32729321.0244147,32729321.0244147,97.9038052044754,5.58031800518667e-19
"amascat:difficulty",1,2950139.75280308,2950139.75280308,8.8248059734865,0.00334322797887893
"amascat:subject",1,9859.41537477483,9859.41537477483,0.0294926461065877,0.863823653355329
"difficulty:subject",1,646687.136914826,646687.136914826,1.93444683540853,0.165849745232573
"amascat:difficulty:subject",1,2493830.84901179,2493830.84901179,7.45984096255562,0.00688477768897284
"Residuals",196,65522958.0442502,334300.806348215,NA,NA
